subject_id,slice_idx,type,n_features,mse,rmse,variance_explained,n_components,tumor_percentage
BraTS20_Training_001,67,original,4,4.127616235103237e-33,6.424652702756186e-17,0.9999999999999999,4,
BraTS20_Training_002,53,original,4,1.5821137185576626e-32,1.257821020081022e-16,0.9999999999999999,4,
BraTS20_Training_003,94,original,4,1.1531657886086441e-32,1.0738555715777817e-16,1.0,4,
BraTS20_Training_004,86,original,4,4.6025956618012653e-32,2.1453660903913964e-16,1.0,4,
BraTS20_Training_005,95,original,4,1.2919639511941962e-31,3.5943900055422425e-16,1.0000000000000002,4,
BraTS20_Training_006,91,original,4,2.1836468164536564e-32,1.4777167578577621e-16,0.9999999999999998,4,
BraTS20_Training_007,61,original,4,3.952024565662512e-33,6.286512996616258e-17,0.9999999999999999,4,
BraTS20_Training_008,42,original,4,8.814480229157575e-33,9.388546335379921e-17,0.9999999999999999,4,
BraTS20_Training_009,66,original,4,6.076739758119738e-33,7.795344609521595e-17,1.0,4,
BraTS20_Training_010,88,original,4,5.227103733764523e-32,2.286286013114834e-16,0.9999999999999999,4,
BraTS20_Training_011,84,original,4,2.3713206772800044e-32,1.539909308134737e-16,0.9999999999999999,4,
BraTS20_Training_012,67,original,4,1.9244815663901179e-32,1.3872568494659227e-16,0.9999999999999999,4,
BraTS20_Training_013,83,original,4,1.6520468714068866e-32,1.2853197545384909e-16,0.9999999999999999,4,
BraTS20_Training_014,56,original,4,1.1353357074406949e-32,1.065521331293135e-16,1.0000000000000002,4,
BraTS20_Training_015,82,original,4,3.320854767705632e-33,5.76268580412435e-17,0.9999999999999999,4,
BraTS20_Training_016,93,original,4,1.1087877840088553e-32,1.0529899258819408e-16,1.0,4,
BraTS20_Training_017,79,original,4,5.325590350671409e-32,2.307724062939807e-16,1.0000000000000002,4,
BraTS20_Training_018,83,original,4,5.710188958735851e-33,7.556579225241968e-17,1.0,4,
BraTS20_Training_019,57,original,4,2.0344261938098028e-32,1.4263331286238158e-16,0.9999999999999999,4,
BraTS20_Training_020,59,original,4,7.897229971046468e-33,8.886636017665215e-17,1.0,4,
BraTS20_Training_021,104,original,4,5.4143817840463016e-33,7.358248286138693e-17,1.0,4,
BraTS20_Training_022,100,original,4,2.2280383872378322e-32,1.492661511273682e-16,1.0,4,
BraTS20_Training_023,92,original,4,2.0279981867865865e-32,1.4240780128864381e-16,1.0,4,
BraTS20_Training_024,98,original,4,7.592692060960789e-32,2.7554839975874997e-16,0.9999999999999999,4,
BraTS20_Training_025,101,original,4,2.943493616319223e-32,1.7156612766858214e-16,1.0000000000000002,4,
BraTS20_Training_026,63,original,4,2.5421838640371477e-32,1.5944227369293086e-16,0.9999999999999999,4,
BraTS20_Training_027,69,original,4,2.755601275873065e-32,1.6600003842990714e-16,0.9999999999999999,4,
BraTS20_Training_028,49,original,4,3.5097815908533394e-32,1.873441109523686e-16,1.0,4,
BraTS20_Training_029,72,original,4,1.0012674538327543e-32,1.0006335262386296e-16,1.0,4,
BraTS20_Training_030,93,original,4,1.0396193716214984e-32,1.0196172672240788e-16,1.0,4,
BraTS20_Training_031,98,original,4,5.042984281210967e-32,2.245658985957344e-16,1.0,4,
BraTS20_Training_032,126,original,4,1.0542339127271336e-32,1.0267589360347119e-16,1.0,4,
BraTS20_Training_033,91,original,4,2.7386303380570875e-32,1.654880762489276e-16,1.0,4,
BraTS20_Training_034,109,original,4,1.3255112585638074e-32,1.151308498432895e-16,1.0,4,
BraTS20_Training_035,53,original,4,6.628448493031312e-33,8.141528414880901e-17,1.0000000000000002,4,
BraTS20_Training_036,84,original,4,6.855911595644641e-32,2.618379574401817e-16,1.0000000000000002,4,
BraTS20_Training_037,66,original,4,1.5723369490239337e-32,1.2539286060314333e-16,1.0000000000000002,4,
BraTS20_Training_038,90,original,4,1.455173531511204e-32,1.206305737162517e-16,1.0,4,
BraTS20_Training_039,90,original,4,3.612217828289739e-32,1.90058354941048e-16,0.9999999999999999,4,
BraTS20_Training_040,55,original,4,3.570490837080017e-32,1.8895742475700756e-16,1.0,4,
BraTS20_Training_041,52,original,4,5.508301615359293e-33,7.421793324634749e-17,0.9999999999999999,4,
BraTS20_Training_042,85,original,4,4.186820584095041e-33,6.470564568949946e-17,0.9999999999999999,4,
BraTS20_Training_043,53,original,4,7.456630042160053e-32,2.730683072449099e-16,1.0,4,
BraTS20_Training_044,92,original,4,1.1680772835053419e-32,1.0807762411828555e-16,1.0,4,
BraTS20_Training_045,81,original,4,2.256173982073929e-32,1.502056584178482e-16,1.0,4,
BraTS20_Training_046,52,original,4,8.969273136651023e-33,9.470624655560489e-17,0.9999999999999999,4,
BraTS20_Training_047,76,original,4,1.567686803982834e-32,1.252073002657127e-16,0.9999999999999999,4,
BraTS20_Training_048,51,original,4,6.21408810577653e-33,7.882948753973052e-17,1.0,4,
BraTS20_Training_049,88,original,4,2.045396986913848e-32,1.4301737610912348e-16,1.0,4,
BraTS20_Training_050,57,original,4,6.841412125395272e-33,8.271282926726223e-17,0.9999999999999999,4,
BraTS20_Training_051,91,original,4,1.775284367899743e-32,1.3323979765444495e-16,0.9999999999999999,4,
BraTS20_Training_052,100,original,4,3.0313682243496606e-32,1.7410824863715276e-16,1.0,4,
BraTS20_Training_053,88,original,4,7.298777778538738e-32,2.701625025524219e-16,0.9999999999999998,4,
BraTS20_Training_054,65,original,4,2.4015032767694557e-32,1.5496784430227632e-16,1.0,4,
BraTS20_Training_055,70,original,4,5.198142022804503e-33,7.209814160437496e-17,1.0000000000000002,4,
BraTS20_Training_056,92,original,4,7.825299799905465e-33,8.846072461779558e-17,0.9999999999999999,4,
BraTS20_Training_057,108,original,4,4.427988791487248e-33,6.654313481860656e-17,0.9999999999999999,4,
BraTS20_Training_058,63,original,4,7.211426745329781e-32,2.6854099771412524e-16,0.9999999999999999,4,
BraTS20_Training_059,54,original,4,1.0230620111666012e-32,1.0114652792689432e-16,1.0000000000000002,4,
BraTS20_Training_060,65,original,4,2.5256918816903267e-32,1.5892425496727448e-16,0.9999999999999999,4,
BraTS20_Training_061,67,original,4,8.066306861409735e-33,8.981262083588105e-17,0.9999999999999999,4,
BraTS20_Training_062,92,original,4,9.980192067013387e-33,9.990091124215728e-17,1.0,4,
BraTS20_Training_063,86,original,4,2.658833858963927e-32,1.630593100366835e-16,1.0,4,
BraTS20_Training_064,60,original,4,5.249008488795866e-32,2.2910714717781867e-16,1.0000000000000002,4,
BraTS20_Training_065,68,original,4,1.9267784214340786e-32,1.3880844431928768e-16,1.0,4,
BraTS20_Training_066,87,original,4,5.786962653126294e-32,2.405610661168239e-16,1.0,4,
BraTS20_Training_067,97,original,4,5.876642732802206e-32,2.4241787749261e-16,1.0,4,
BraTS20_Training_068,75,original,4,1.2865876992599947e-32,1.1342784928138215e-16,1.0,4,
BraTS20_Training_069,96,original,4,9.1657486672995e-33,9.573791656026101e-17,0.9999999999999999,4,
BraTS20_Training_070,112,original,4,2.0168135369748746e-32,1.420145604145883e-16,1.0,4,
BraTS20_Training_071,93,original,4,4.8770579898266567e-32,2.208406210330576e-16,1.0,4,
BraTS20_Training_072,68,original,4,2.168779303331147e-32,1.472677596533317e-16,1.0,4,
BraTS20_Training_073,89,original,4,1.1158675825682406e-32,1.0563463364674678e-16,1.0,4,
BraTS20_Training_074,88,original,4,7.687148453282369e-33,8.767638480960748e-17,0.9999999999999999,4,
BraTS20_Training_075,79,original,4,2.605392228539155e-32,1.6141227427117043e-16,1.0,4,
BraTS20_Training_076,103,original,4,9.461513825249584e-32,3.0759573835229877e-16,1.0,4,
BraTS20_Training_077,69,original,4,6.035129957656058e-33,7.768609887010712e-17,0.9999999999999999,4,
BraTS20_Training_078,53,original,4,5.562076484412304e-33,7.457933014188518e-17,1.0000000000000002,4,
BraTS20_Training_079,114,original,4,2.0242633434421218e-32,1.4227660888010095e-16,1.0,4,
BraTS20_Training_080,68,original,4,7.81539325073425e-32,2.7956024843912e-16,1.0,4,
BraTS20_Training_081,97,original,4,8.478647351824144e-33,9.207957076259719e-17,1.0,4,
BraTS20_Training_082,72,original,4,1.3974087574923824e-32,1.1821204496549335e-16,0.9999999999999999,4,
BraTS20_Training_083,65,original,4,1.3875330039874746e-32,1.1779359082681343e-16,0.9999999999999999,4,
BraTS20_Training_084,55,original,4,5.407684006457253e-32,2.3254427549301775e-16,0.9999999999999999,4,
BraTS20_Training_085,100,original,4,2.2009495525703588e-32,1.4835597569934143e-16,1.0,4,
BraTS20_Training_086,55,original,4,2.2953280328814718e-32,1.515034003869706e-16,1.0,4,
BraTS20_Training_087,70,original,4,1.0605141164375711e-32,1.0298126608454428e-16,1.0,4,
BraTS20_Training_088,71,original,4,5.605979094280628e-32,2.3676948904537146e-16,1.0,4,
BraTS20_Training_089,50,original,4,1.928706430697362e-32,1.3887787551288947e-16,1.0,4,
BraTS20_Training_090,80,original,4,1.4743238713735352e-32,1.2142173904921372e-16,1.0000000000000002,4,
BraTS20_Training_091,92,original,4,7.205823947422312e-32,2.684366582160922e-16,1.0000000000000002,4,
BraTS20_Training_092,92,original,4,2.221365522455656e-32,1.4904246114633426e-16,0.9999999999999999,4,
BraTS20_Training_093,67,original,4,1.7184132150740315e-32,1.3108826091889508e-16,0.9999999999999999,4,
BraTS20_Training_094,55,original,4,3.706182026233973e-32,1.9251446767019805e-16,1.0000000000000002,4,
BraTS20_Training_095,93,original,4,8.631356354360872e-33,9.290509326382958e-17,1.0,4,
BraTS20_Training_096,84,original,4,4.6359192865875633e-32,2.1531185026810678e-16,0.9999999999999998,4,
BraTS20_Training_097,73,original,4,3.6450055627522805e-32,1.9091897660401076e-16,1.0,4,
BraTS20_Training_098,92,original,4,2.5909344190952743e-32,1.60963797765065e-16,1.0,4,
BraTS20_Training_099,49,original,4,2.903195152782493e-32,1.7038765074918115e-16,1.0000000000000002,4,
BraTS20_Training_100,83,original,4,3.6918337491649295e-32,1.9214145177875933e-16,1.0000000000000002,4,
BraTS20_Training_101,50,original,4,1.3310210687457602e-32,1.1536988639787075e-16,1.0,4,
BraTS20_Training_102,98,original,4,2.098461884317375e-32,1.448606877077896e-16,1.0000000000000002,4,
BraTS20_Training_103,68,original,4,6.638908416657831e-33,8.147949690970012e-17,0.9999999999999999,4,
BraTS20_Training_104,64,original,4,1.1594666365304601e-32,1.0767853251834649e-16,0.9999999999999999,4,
BraTS20_Training_105,50,original,4,2.471832495409807e-33,4.971752704439157e-17,1.0,4,
BraTS20_Training_106,93,original,4,4.5349335348953655e-32,2.129538338442247e-16,1.0,4,
BraTS20_Training_107,85,original,4,7.178877318673719e-33,8.472825572778964e-17,1.0,4,
BraTS20_Training_108,50,original,4,1.3197557894092106e-32,1.1488062453735227e-16,1.0,4,
BraTS20_Training_109,74,original,4,1.5641290886117845e-32,1.2506514656817e-16,0.9999999999999999,4,
BraTS20_Training_110,115,original,4,8.227715035605011e-33,9.070675297685951e-17,0.9999999999999998,4,
BraTS20_Training_111,59,original,4,8.510710624097933e-33,9.225351280085725e-17,1.0000000000000002,4,
BraTS20_Training_112,69,original,4,1.1595621881601741e-32,1.0768296932013781e-16,1.0000000000000002,4,
BraTS20_Training_113,71,original,4,1.5348804756741187e-32,1.2389029323050773e-16,0.9999999999999999,4,
BraTS20_Training_114,99,original,4,2.3581927109369605e-32,1.5356408144279574e-16,0.9999999999999999,4,
BraTS20_Training_115,101,original,4,1.1649118741138812e-32,1.0793108329456724e-16,1.0,4,
BraTS20_Training_116,67,original,4,2.5841811449587606e-32,1.6075388471072046e-16,1.0,4,
BraTS20_Training_117,68,original,4,1.2890208069561855e-32,1.1353505216258922e-16,1.0,4,
BraTS20_Training_118,85,original,4,1.9446886280724392e-32,1.3945209313855563e-16,1.0,4,
BraTS20_Training_119,57,original,4,1.2012899952568517e-32,1.0960337564403989e-16,1.0,4,
BraTS20_Training_120,103,original,4,1.9637722578650654e-32,1.4013465873455664e-16,1.0,4,
BraTS20_Training_121,86,original,4,8.59806116426252e-33,9.272573086399761e-17,1.0,4,
BraTS20_Training_122,84,original,4,2.762220684886374e-32,1.6619929858114247e-16,0.9999999999999999,4,
BraTS20_Training_123,68,original,4,2.3292922009882904e-33,4.826274133312664e-17,1.0,4,
BraTS20_Training_124,75,original,4,1.5956652301630694e-32,1.2631964337200565e-16,0.9999999999999999,4,
BraTS20_Training_125,92,original,4,1.0625228905708059e-32,1.0307875099024076e-16,1.0,4,
BraTS20_Training_126,89,original,4,1.2235193049315096e-32,1.1061280689556294e-16,0.9999999999999999,4,
BraTS20_Training_127,63,original,4,5.724274904276492e-33,7.5658938032968e-17,0.9999999999999999,4,
BraTS20_Training_128,86,original,4,3.490788707694005e-32,1.8683652500766559e-16,1.0,4,
BraTS20_Training_129,59,original,4,2.670538914818427e-32,1.6341783607729076e-16,1.0,4,
BraTS20_Training_130,63,original,4,6.696194089229873e-33,8.183027611605544e-17,1.0,4,
BraTS20_Training_131,104,original,4,1.8982733683969922e-32,1.3777784177424874e-16,1.0,4,
BraTS20_Training_132,85,original,4,1.7346866276236872e-32,1.3170750273327968e-16,1.0,4,
BraTS20_Training_133,95,original,4,2.731405347435421e-32,1.6526963869493454e-16,1.0000000000000002,4,
BraTS20_Training_134,100,original,4,2.711638944279563e-32,1.6467054819485977e-16,1.0000000000000002,4,
BraTS20_Training_135,90,original,4,1.0869280487377015e-32,1.0425584150241662e-16,0.9999999999999999,4,
BraTS20_Training_136,101,original,4,2.054383053478709e-32,1.433311917720183e-16,1.0,4,
BraTS20_Training_137,65,original,4,7.893460246580591e-33,8.884514756913058e-17,0.9999999999999999,4,
BraTS20_Training_138,86,original,4,2.1012583878881514e-32,1.4495717946649456e-16,1.0,4,
BraTS20_Training_139,89,original,4,4.996967457243666e-32,2.2353897774758805e-16,1.0,4,
BraTS20_Training_140,111,original,4,4.2921961740124254e-32,2.0717616112893938e-16,0.9999999999999999,4,
BraTS20_Training_141,104,original,4,5.974143169335707e-33,7.729258159316265e-17,0.9999999999999999,4,
BraTS20_Training_142,107,original,4,3.0180390222307795e-32,1.7372504201268105e-16,1.0000000000000002,4,
BraTS20_Training_143,78,original,4,5.233990836473713e-33,7.234632565979915e-17,0.9999999999999999,4,
BraTS20_Training_144,91,original,4,2.1395556459293682e-32,1.4627219988532914e-16,1.0,4,
BraTS20_Training_145,59,original,4,7.00243787952355e-32,2.646211986883052e-16,1.0,4,
BraTS20_Training_146,67,original,4,1.6675543468373444e-32,1.2913382000224977e-16,0.9999999999999999,4,
BraTS20_Training_147,74,original,4,1.558656269650339e-32,1.2484615611424882e-16,1.0,4,
BraTS20_Training_148,60,original,4,1.5253219896199873e-32,1.2350392664283946e-16,0.9999999999999999,4,
BraTS20_Training_149,65,original,4,3.915635665297568e-32,1.9787965194272927e-16,1.0,4,
BraTS20_Training_150,75,original,4,4.6481123860641634e-32,2.155948140856863e-16,0.9999999999999999,4,
BraTS20_Training_151,87,original,4,2.310399787494384e-32,1.5199999300968353e-16,1.0,4,
BraTS20_Training_152,95,original,4,2.2981641379793884e-32,1.5159697021970421e-16,1.0000000000000002,4,
BraTS20_Training_153,63,original,4,3.2275427067265813e-32,1.7965363082127178e-16,1.0000000000000002,4,
BraTS20_Training_154,106,original,4,1.8031596634708456e-32,1.342817807251172e-16,0.9999999999999999,4,
BraTS20_Training_155,63,original,4,4.5385290306497486e-32,2.1303823672406202e-16,0.9999999999999999,4,
BraTS20_Training_156,69,original,4,1.0951853225599692e-32,1.0465110236208548e-16,1.0,4,
BraTS20_Training_157,97,original,4,4.553526956054274e-32,2.133899471871689e-16,1.0,4,
BraTS20_Training_158,45,original,4,3.070788524867458e-32,1.752366549802711e-16,1.0,4,
BraTS20_Training_159,91,original,4,1.9204113526910615e-32,1.3857890722224148e-16,1.0,4,
BraTS20_Training_160,89,original,4,3.6160823247427847e-32,1.9015999381422962e-16,1.0000000000000002,4,
BraTS20_Training_161,90,original,4,5.293629147755759e-32,2.3007888098988484e-16,1.0,4,
BraTS20_Training_162,85,original,4,8.176726152652375e-33,9.042525174226708e-17,1.0000000000000002,4,
BraTS20_Training_163,89,original,4,5.8603444879547965e-33,7.655288686884902e-17,1.0,4,
BraTS20_Training_164,94,original,4,1.6394973613084332e-32,1.2804285850091106e-16,1.0,4,
BraTS20_Training_165,61,original,4,1.6350744619372872e-32,1.278700301844528e-16,1.0,4,
BraTS20_Training_166,78,original,4,2.332976801867491e-32,1.5274085248771826e-16,1.0,4,
BraTS20_Training_167,67,original,4,4.110297206634832e-32,2.0273867925570669e-16,1.0,4,
BraTS20_Training_168,95,original,4,6.125206619085527e-32,2.474915477159882e-16,0.9999999999999999,4,
BraTS20_Training_169,49,original,4,1.3083975863462813e-32,1.1438520823717905e-16,1.0,4,
BraTS20_Training_170,57,original,4,8.294446146740488e-32,2.880008011575747e-16,1.0,4,
BraTS20_Training_171,92,original,4,1.3938203324181514e-32,1.1806016823713878e-16,1.0,4,
BraTS20_Training_172,101,original,4,9.711971357178e-32,3.116403593435549e-16,1.0,4,
BraTS20_Training_173,85,original,4,1.8347947764169487e-32,1.3545459668896249e-16,1.0,4,
BraTS20_Training_174,90,original,4,1.2218571136343029e-32,1.1053764578795329e-16,1.0000000000000002,4,
BraTS20_Training_175,73,original,4,5.520092241896482e-32,2.349487655191336e-16,1.0,4,
BraTS20_Training_176,107,original,4,4.030950977469393e-32,2.0077228338267694e-16,1.0,4,
BraTS20_Training_177,56,original,4,2.3145555368357856e-32,1.52136633880068e-16,1.0,4,
BraTS20_Training_178,87,original,4,1.47979069820661e-32,1.216466480510914e-16,1.0,4,
BraTS20_Training_179,66,original,4,1.3904896207662372e-32,1.1791902394296847e-16,0.9999999999999998,4,
BraTS20_Training_180,56,original,4,4.802569627064157e-33,6.930057450746102e-17,0.9999999999999999,4,
BraTS20_Training_181,74,original,4,9.905696088843389e-33,9.952736351799635e-17,0.9999999999999999,4,
BraTS20_Training_182,89,original,4,1.0941689627160468e-32,1.0460253164795041e-16,1.0,4,
BraTS20_Training_183,68,original,4,1.305410440999649e-32,1.1425455969017818e-16,0.9999999999999999,4,
BraTS20_Training_184,65,original,4,2.9904278179551627e-32,1.7292853489101105e-16,1.0000000000000002,4,
BraTS20_Training_185,48,original,4,1.4544146159503713e-32,1.205991134275195e-16,1.0,4,
BraTS20_Training_186,77,original,4,5.341483994281579e-32,2.3111650729191933e-16,1.0,4,
BraTS20_Training_187,94,original,4,5.2311544265635816e-33,7.232672000418367e-17,0.9999999999999999,4,
BraTS20_Training_188,70,original,4,8.112700906738637e-33,9.00705329546719e-17,1.0,4,
BraTS20_Training_189,107,original,4,3.110498902621098e-33,5.577184686399669e-17,0.9999999999999999,4,
BraTS20_Training_190,71,original,4,3.7127573755506756e-32,1.926851674507064e-16,1.0000000000000002,4,
BraTS20_Training_191,84,original,4,3.53052865472233e-32,1.878970104797394e-16,1.0000000000000002,4,
BraTS20_Training_192,90,original,4,4.703551011454499e-33,6.858243952685337e-17,0.9999999999999999,4,
BraTS20_Training_193,89,original,4,1.8893595004502642e-32,1.3745397413135293e-16,1.0,4,
BraTS20_Training_194,63,original,4,9.740954095119746e-33,9.869627194134409e-17,0.9999999999999999,4,
BraTS20_Training_195,44,original,4,1.8742432697024838e-32,1.3690300470415117e-16,0.9999999999999999,4,
BraTS20_Training_196,73,original,4,1.7068659613158292e-32,1.3064708038512874e-16,0.9999999999999999,4,
BraTS20_Training_197,84,original,4,4.7397255936282043e-32,2.1770910852851804e-16,1.0,4,
BraTS20_Training_198,64,original,4,1.4115636568785905e-32,1.1880924445844232e-16,1.0,4,
BraTS20_Training_199,97,original,4,2.798411228477469e-32,1.672845249411155e-16,1.0,4,
BraTS20_Training_200,50,original,4,8.545654924047466e-33,9.244271157883387e-17,0.9999999999999999,4,
BraTS20_Training_201,83,original,4,1.1287237306536818e-32,1.0624141050709379e-16,1.0000000000000002,4,
BraTS20_Training_202,62,original,4,1.0005212539371668e-32,1.0002605930142239e-16,1.0000000000000002,4,
BraTS20_Training_203,71,original,4,7.90754079362261e-33,8.892435433345923e-17,1.0,4,
BraTS20_Training_204,58,original,4,1.0427960016779585e-32,1.0211738351906391e-16,1.0,4,
BraTS20_Training_205,92,original,4,4.3203786208901236e-32,2.0785520491173954e-16,1.0,4,
BraTS20_Training_206,65,original,4,7.442075880893169e-33,8.626746710604855e-17,1.0000000000000002,4,
BraTS20_Training_207,96,original,4,1.2194990497627712e-32,1.1043093089179188e-16,0.9999999999999999,4,
BraTS20_Training_208,88,original,4,4.2869274841092257e-32,2.0704896725434844e-16,0.9999999999999999,4,
BraTS20_Training_209,56,original,4,1.191871406035395e-32,1.0917286320489149e-16,1.0,4,
BraTS20_Training_210,89,original,4,5.598362845649934e-33,7.482220823826261e-17,1.0,4,
BraTS20_Training_211,55,original,4,8.023025280227156e-33,8.957134184674893e-17,1.0,4,
BraTS20_Training_212,102,original,4,6.00312146329657e-32,2.4501268259615807e-16,1.0,4,
BraTS20_Training_213,52,original,4,6.090417832426425e-33,7.804112910783919e-17,1.0000000000000002,4,
BraTS20_Training_214,70,original,4,6.564603095141038e-32,2.5621481407485085e-16,1.0,4,
BraTS20_Training_215,61,original,4,4.7776387359467223e-32,2.185781035681919e-16,1.0000000000000002,4,
BraTS20_Training_216,83,original,4,6.978483365768852e-32,2.641681919870152e-16,1.0,4,
BraTS20_Training_217,51,original,4,1.6783946287219325e-32,1.2955287062515953e-16,1.0,4,
BraTS20_Training_218,65,original,4,9.864562132574499e-33,9.932050207572704e-17,1.0,4,
BraTS20_Training_219,72,original,4,1.4198448643780777e-32,1.1915724335423667e-16,1.0,4,
BraTS20_Training_220,92,original,4,8.982144384287927e-33,9.477417572465575e-17,1.0,4,
BraTS20_Training_221,70,original,4,1.2476832352088588e-32,1.116997419517547e-16,1.0,4,
BraTS20_Training_222,107,original,4,2.4269502646204493e-32,1.557867216620354e-16,1.0,4,
BraTS20_Training_223,90,original,4,3.7335507839375e-33,6.110278867562019e-17,1.0,4,
BraTS20_Training_224,79,original,4,2.545949099583974e-32,1.5956030520101087e-16,0.9999999999999999,4,
BraTS20_Training_225,92,original,4,1.0590733635274135e-31,3.254340737426574e-16,0.9999999999999999,4,
BraTS20_Training_226,59,original,4,4.431544949241549e-33,6.656985015186341e-17,1.0,4,
BraTS20_Training_227,68,original,4,5.317579845153763e-32,2.305987824155575e-16,0.9999999999999999,4,
BraTS20_Training_228,62,original,4,2.5061612662218745e-32,1.5830859945757447e-16,0.9999999999999999,4,
BraTS20_Training_229,101,original,4,1.145978852718652e-32,1.0705040180768366e-16,1.0,4,
BraTS20_Training_230,100,original,4,1.928889013704351e-32,1.3888444886683142e-16,1.0000000000000002,4,
BraTS20_Training_231,90,original,4,9.758360671795191e-33,9.878441512604704e-17,0.9999999999999999,4,
BraTS20_Training_232,62,original,4,1.1166313614920553e-32,1.0567077938068099e-16,1.0,4,
BraTS20_Training_233,88,original,4,6.085758136901883e-33,7.801126929426211e-17,1.0,4,
BraTS20_Training_234,63,original,4,3.958500694485715e-32,1.989598123864645e-16,0.9999999999999999,4,
BraTS20_Training_235,93,original,4,5.052848400260538e-32,2.2478541768229845e-16,0.9999999999999998,4,
BraTS20_Training_236,52,original,4,6.021127037934468e-33,7.759592152899834e-17,0.9999999999999999,4,
BraTS20_Training_237,73,original,4,2.1059335195922694e-32,1.4511834892915056e-16,1.0,4,
BraTS20_Training_238,65,original,4,1.1510797315176831e-32,1.0728838387811064e-16,0.9999999999999999,4,
BraTS20_Training_239,102,original,4,9.113450604288784e-32,3.018849218541526e-16,1.0,4,
BraTS20_Training_240,71,original,4,1.86228719438845e-31,4.315422568403296e-16,1.0,4,
BraTS20_Training_241,92,original,4,5.276350739413002e-32,2.297030852951915e-16,0.9999999999999999,4,
BraTS20_Training_242,48,original,4,2.1952077950063514e-32,1.4816233647612173e-16,1.0,4,
BraTS20_Training_243,62,original,4,4.297036606140287e-33,6.555178568231598e-17,1.0000000000000002,4,
BraTS20_Training_244,71,original,4,1.6440405996892848e-32,1.2822014661079142e-16,1.0000000000000002,4,
BraTS20_Training_245,61,original,4,3.10849889922672e-32,1.7630935594082124e-16,1.0,4,
BraTS20_Training_246,64,original,4,1.9362703199362405e-31,4.400307171023678e-16,0.9999999999999999,4,
BraTS20_Training_247,70,original,4,1.4510800114529986e-32,1.2046078247516902e-16,1.0,4,
BraTS20_Training_248,90,original,4,2.611469430966953e-32,1.61600415561562e-16,1.0,4,
BraTS20_Training_249,51,original,4,3.807164406660413e-32,1.9511956351582004e-16,1.0,4,
BraTS20_Training_250,52,original,4,4.4177494520286856e-32,2.1018442977605847e-16,1.0000000000000002,4,
BraTS20_Training_251,86,original,4,5.56191789716333e-33,7.457826692249781e-17,1.0,4,
BraTS20_Training_252,78,original,4,7.414652603389207e-33,8.610837708021912e-17,1.0,4,
BraTS20_Training_253,60,original,4,2.36440367305061e-32,1.5376617550848463e-16,1.0000000000000002,4,
BraTS20_Training_254,91,original,4,9.526236259475005e-33,9.760243982337227e-17,1.0000000000000002,4,
BraTS20_Training_255,66,original,4,5.8933641242693946e-33,7.676824945424635e-17,1.0,4,
BraTS20_Training_256,78,original,4,4.966788110460346e-32,2.228629199858143e-16,1.0,4,
BraTS20_Training_257,82,original,4,1.7651507955861844e-32,1.3285897770140279e-16,1.0,4,
BraTS20_Training_258,80,original,4,3.6790932796826587e-32,1.91809626444625e-16,1.0,4,
BraTS20_Training_259,96,original,4,3.095151712375899e-32,1.7593043262539595e-16,1.0,4,
BraTS20_Training_260,57,original,4,2.5386888061527032e-33,5.038540270904564e-17,1.0,4,
BraTS20_Training_261,86,original,4,9.768980024904224e-33,9.883815065501895e-17,0.9999999999999999,4,
BraTS20_Training_262,77,original,4,8.859909314847305e-33,9.412709129069751e-17,1.0,4,
BraTS20_Training_263,115,original,4,1.5907083717890596e-32,1.261232877699063e-16,0.9999999999999999,4,
BraTS20_Training_264,70,original,4,1.650641044917532e-32,1.284772760030945e-16,1.0,4,
BraTS20_Training_265,91,original,4,3.8968197944244337e-32,1.9740364217573175e-16,0.9999999999999999,4,
BraTS20_Training_266,99,original,4,1.1598959020269018e-32,1.0769846340718617e-16,0.9999999999999999,4,
BraTS20_Training_267,58,original,4,1.5968285990447683e-32,1.2636568359506344e-16,0.9999999999999999,4,
BraTS20_Training_268,53,original,4,5.016069454972246e-32,2.2396583344278757e-16,1.0,4,
BraTS20_Training_269,88,original,4,1.6441862474392975e-32,1.282258260819285e-16,1.0,4,
BraTS20_Training_270,85,original,4,6.93233965461485e-33,8.326067291713928e-17,1.0,4,
BraTS20_Training_271,76,original,4,2.638314974548215e-32,1.624289067422488e-16,1.0,4,
BraTS20_Training_272,68,original,4,3.211615360305636e-32,1.7920980331180647e-16,0.9999999999999999,4,
BraTS20_Training_273,68,original,4,4.168902104425397e-33,6.456703574135487e-17,1.0000000000000002,4,
BraTS20_Training_274,89,original,4,3.7709220102176083e-32,1.9418861990903609e-16,1.0,4,
BraTS20_Training_275,54,original,4,1.0205124370615384e-32,1.0102041561296105e-16,1.0,4,
BraTS20_Training_276,100,original,4,6.646424361620859e-33,8.152560555813651e-17,0.9999999999999999,4,
BraTS20_Training_277,78,original,4,2.6351853325111144e-32,1.6233253932933824e-16,0.9999999999999999,4,
BraTS20_Training_278,90,original,4,9.499750511857696e-32,3.082166528897765e-16,1.0,4,
BraTS20_Training_279,88,original,4,2.3855140368362965e-32,1.5445109377522375e-16,1.0,4,
BraTS20_Training_280,82,original,4,3.0123126597856767e-32,1.7356015267870897e-16,0.9999999999999998,4,
BraTS20_Training_281,97,original,4,6.756711435871127e-33,8.219921797603142e-17,0.9999999999999999,4,
BraTS20_Training_282,68,original,4,3.6983942686867355e-32,1.923120970892558e-16,1.0,4,
BraTS20_Training_283,113,original,4,1.9248918731626538e-32,1.3874047257965693e-16,0.9999999999999999,4,
BraTS20_Training_284,88,original,4,1.892222784936729e-32,1.3755808900012855e-16,1.0,4,
BraTS20_Training_285,89,original,4,9.170682315047764e-33,9.576367951915676e-17,0.9999999999999999,4,
BraTS20_Training_286,82,original,4,1.5776638559583183e-32,1.2560508970413255e-16,0.9999999999999999,4,
BraTS20_Training_287,94,original,4,3.574721537247332e-32,1.8906934011751698e-16,1.0,4,
BraTS20_Training_288,42,original,4,4.844410956650226e-33,6.960180282614974e-17,1.0,4,
BraTS20_Training_289,85,original,4,5.295351618974696e-32,2.301163101341297e-16,1.0,4,
BraTS20_Training_290,88,original,4,1.211077442850653e-32,1.1004896377752282e-16,1.0000000000000002,4,
BraTS20_Training_291,87,original,4,1.3615628409269572e-32,1.1668602490988187e-16,1.0,4,
BraTS20_Training_292,50,original,4,3.3745690274535987e-32,1.8370000074724002e-16,1.0,4,
BraTS20_Training_293,90,original,4,5.289468311789081e-32,2.299884412701882e-16,1.0,4,
BraTS20_Training_294,49,original,4,3.240965344886361e-32,1.8002681313866447e-16,1.0,4,
BraTS20_Training_295,121,original,4,1.7838708774042354e-32,1.3356162912319673e-16,1.0,4,
BraTS20_Training_296,62,original,4,1.0501627292574828e-31,3.240621436171591e-16,1.0,4,
BraTS20_Training_297,84,original,4,5.078721331326248e-33,7.126514808324085e-17,0.9999999999999999,4,
BraTS20_Training_298,78,original,4,3.0699087711812016e-32,1.7521155130816008e-16,1.0,4,
BraTS20_Training_299,90,original,4,6.1550761342922754e-33,7.845429328145322e-17,1.0,4,
BraTS20_Training_300,99,original,4,2.8603000499795244e-32,1.6912421618383112e-16,1.0,4,
BraTS20_Training_301,94,original,4,4.61563980914718e-32,2.1484040144132994e-16,1.0,4,
BraTS20_Training_302,60,original,4,1.1805414431793605e-31,3.4359008180961227e-16,1.0,4,
BraTS20_Training_303,105,original,4,6.005389571809853e-33,7.749444865156377e-17,1.0,4,
BraTS20_Training_304,52,original,4,8.813826340833357e-33,9.388198091664533e-17,1.0,4,
BraTS20_Training_305,90,original,4,2.1522663975420198e-32,1.4670604614473188e-16,1.0,4,
BraTS20_Training_306,102,original,4,4.41883966818267e-32,2.1021036292682313e-16,1.0,4,
BraTS20_Training_307,70,original,4,1.706564419913168e-32,1.3063553957147986e-16,1.0,4,
BraTS20_Training_308,89,original,4,1.5053976057579953e-32,1.2269464559458148e-16,1.0,4,
BraTS20_Training_309,60,original,4,4.0321826029815716e-33,6.349946931259798e-17,1.0,4,
BraTS20_Training_310,70,original,4,1.7367381984450522e-32,1.3178536331645683e-16,1.0,4,
BraTS20_Training_311,115,original,4,2.5759987700753504e-32,1.6049918286631088e-16,1.0,4,
BraTS20_Training_312,92,original,4,9.002838100304962e-33,9.488328672798473e-17,1.0,4,
BraTS20_Training_313,101,original,4,1.5215582994808906e-32,1.2335146125931751e-16,1.0,4,
BraTS20_Training_314,77,original,4,9.38243563230602e-33,9.686297348474297e-17,1.0,4,
BraTS20_Training_315,103,original,4,9.578837620272858e-33,9.787153631303055e-17,0.9999999999999998,4,
BraTS20_Training_316,92,original,4,3.6731051403598365e-33,6.060614771093636e-17,1.0,4,
BraTS20_Training_317,79,original,4,4.165776856778011e-33,6.454282963101331e-17,1.0,4,
BraTS20_Training_318,83,original,4,3.1611411283713623e-32,1.7779598219226897e-16,1.0,4,
BraTS20_Training_319,75,original,4,4.1117481375975196e-32,2.0277445937783978e-16,1.0,4,
BraTS20_Training_320,95,original,4,1.0261244194982022e-32,1.0129779955646629e-16,0.9999999999999999,4,
BraTS20_Training_321,114,original,4,1.2862338075429458e-32,1.1341224834835723e-16,1.0,4,
BraTS20_Training_322,54,original,4,7.986947043529601e-33,8.936972106664315e-17,1.0,4,
BraTS20_Training_323,73,original,4,7.14068391463494e-33,8.450256750321223e-17,1.0000000000000002,4,
BraTS20_Training_324,67,original,4,8.715869924775937e-33,9.335882349717105e-17,0.9999999999999999,4,
BraTS20_Training_325,25,original,4,9.072331236557841e-33,9.524878601094001e-17,1.0,4,
BraTS20_Training_326,92,original,4,1.4834249113980152e-32,1.2179593225547459e-16,1.0,4,
BraTS20_Training_327,81,original,4,6.704312273162665e-33,8.187986488241578e-17,1.0,4,
BraTS20_Training_328,89,original,4,4.841716616824071e-32,2.2003901056003844e-16,1.0,4,
BraTS20_Training_329,59,original,4,3.355223305665054e-32,1.8317268643728119e-16,1.0000000000000002,4,
BraTS20_Training_330,65,original,4,4.601212437354028e-33,6.783223744912169e-17,1.0,4,
BraTS20_Training_331,52,original,4,1.7138552799526113e-32,1.30914295627048e-16,1.0,4,
BraTS20_Training_332,110,original,4,1.0328076012024639e-32,1.0162714210300631e-16,1.0,4,
BraTS20_Training_333,86,original,4,1.5249793445089148e-32,1.2349005403306432e-16,0.9999999999999999,4,
BraTS20_Training_334,69,original,4,1.6243672811964114e-32,1.274506681503244e-16,1.0,4,
BraTS20_Training_335,76,original,4,3.539551623973178e-33,5.949413100443755e-17,1.0,4,
BraTS20_Training_336,90,original,4,5.276584187101353e-32,2.2970816674862377e-16,1.0,4,
BraTS20_Training_337,84,original,4,4.3261301423428586e-32,2.0799351293592928e-16,0.9999999999999999,4,
BraTS20_Training_338,82,original,4,6.497027388702285e-33,8.060414002209989e-17,1.0,4,
BraTS20_Training_339,84,original,4,6.430929811553288e-33,8.019307832695593e-17,0.9999999999999999,4,
BraTS20_Training_340,93,original,4,2.676438847004321e-32,1.6359825326097833e-16,1.0,4,
BraTS20_Training_341,53,original,4,1.7258405405383454e-32,1.3137125029999318e-16,1.0,4,
BraTS20_Training_342,90,original,4,7.096993605852405e-33,8.42436561757169e-17,1.0,4,
BraTS20_Training_343,66,original,4,1.1653001085514417e-32,1.0794906708959747e-16,1.0,4,
BraTS20_Training_344,72,original,4,4.953715265379014e-33,7.038263468625634e-17,0.9999999999999999,4,
BraTS20_Training_345,93,original,4,6.269054486311288e-33,7.917736094560925e-17,1.0,4,
BraTS20_Training_346,93,original,4,3.477209087773802e-32,1.8647276175822038e-16,1.0,4,
BraTS20_Training_347,101,original,4,1.5580827793030616e-32,1.2482318611952915e-16,1.0,4,
BraTS20_Training_348,97,original,4,2.1810382988170026e-32,1.4768338765131989e-16,0.9999999999999999,4,
BraTS20_Training_349,86,original,4,9.588135023047058e-33,9.791902278437556e-17,0.9999999999999999,4,
BraTS20_Training_350,92,original,4,1.1953833766958275e-31,3.457431672059229e-16,1.0,4,
BraTS20_Training_351,70,original,4,3.052550212796935e-32,1.7471548909003276e-16,1.0,4,
BraTS20_Training_352,95,original,4,1.6630212301771295e-32,1.2895818043757943e-16,0.9999999999999999,4,
BraTS20_Training_353,50,original,4,4.698241389674754e-32,2.167542707693381e-16,1.0,4,
BraTS20_Training_354,68,original,4,2.580903740985874e-32,1.6065191380702173e-16,1.0,4,
BraTS20_Training_356,71,original,4,7.226384807761713e-32,2.688193595662655e-16,1.0,4,
BraTS20_Training_357,83,original,4,1.1232463227286147e-32,1.0598331579680902e-16,1.0,4,
BraTS20_Training_358,66,original,4,5.36248778350458e-33,7.322900916648115e-17,0.9999999999999999,4,
BraTS20_Training_359,83,original,4,1.4983255182782883e-32,1.2240610762042424e-16,1.0,4,
BraTS20_Training_360,102,original,4,3.1291437528823276e-32,1.7689385950004956e-16,1.0,4,
BraTS20_Training_361,93,original,4,7.388851965226072e-33,8.595843161218143e-17,0.9999999999999999,4,
BraTS20_Training_362,71,original,4,6.122183527488989e-33,7.8244383360654e-17,1.0,4,
BraTS20_Training_363,82,original,4,4.227553420855246e-32,2.0561015103479803e-16,1.0000000000000002,4,
BraTS20_Training_364,55,original,4,1.0198771267724834e-32,1.0098896606919408e-16,1.0,4,
BraTS20_Training_365,88,original,4,5.651076432199565e-32,2.3771992832321743e-16,0.9999999999999998,4,
BraTS20_Training_366,86,original,4,1.1412125013263974e-32,1.0682754800735611e-16,1.0,4,
BraTS20_Training_367,69,original,4,1.187331775373235e-31,3.4457680934346627e-16,1.0,4,
BraTS20_Training_368,89,original,4,1.2766234516016211e-32,1.1298776268258528e-16,1.0,4,
BraTS20_Training_369,92,original,4,1.1315711541295656e-32,1.063753333310672e-16,1.0,4,
BraTS20_Training_001,67,segmentation,4,1.5081212366176892e-32,1.2280558768304026e-16,1.0,4,8.76388888888889
BraTS20_Training_002,53,segmentation,4,9.633547612224574e-34,3.1037956782340835e-17,1.0,4,3.654513888888889
BraTS20_Training_003,94,segmentation,2,8.12242773066024e-34,2.849987321140261e-17,1.0,2,1.6354166666666667
BraTS20_Training_004,86,segmentation,4,2.8018486064459342e-33,5.293249102815712e-17,1.0,4,4.776041666666667
BraTS20_Training_005,95,segmentation,4,5.916026025987468e-34,2.4322882283947082e-17,1.0,4,1.3524305555555556
BraTS20_Training_006,91,segmentation,4,1.523434583074423e-32,1.234274921998508e-16,1.0,4,5.519097222222222
BraTS20_Training_007,61,segmentation,4,4.695334221861752e-33,6.852250887016435e-17,1.0,4,2.6059027777777777
BraTS20_Training_008,42,segmentation,4,5.042696633764341e-34,2.2455949398242645e-17,1.0,4,2.2083333333333335
BraTS20_Training_009,66,segmentation,4,9.419581880722325e-33,9.705453044923933e-17,1.0,4,7.324652777777778
BraTS20_Training_010,88,segmentation,4,3.3047565768540794e-33,5.748701224497651e-17,1.0,4,2.310763888888889
BraTS20_Training_011,84,segmentation,4,2.2302549402091717e-33,4.722557506488589e-17,1.0,4,2.390625
BraTS20_Training_012,67,segmentation,4,4.548126854515188e-33,6.743980170874754e-17,1.0,4,2.4288194444444446
BraTS20_Training_013,83,segmentation,4,2.8342573791621863e-33,5.323774393381247e-17,0.9999999999999999,4,2.8333333333333335
BraTS20_Training_014,56,segmentation,4,1.655982917262331e-33,4.0693770005522113e-17,1.0,4,4.118055555555555
BraTS20_Training_015,82,segmentation,4,4.3047924448067735e-33,6.561091711603165e-17,1.0,4,4.850694444444445
BraTS20_Training_016,93,segmentation,4,7.294683182658308e-32,2.700867116808657e-16,1.0,4,5.25
BraTS20_Training_017,79,segmentation,4,1.5921430696645516e-33,3.990166750481177e-17,1.0,4,3.9913194444444446
BraTS20_Training_018,83,segmentation,4,5.0839111072018826e-33,7.130155052452844e-17,1.0,4,2.9322916666666665
BraTS20_Training_019,57,segmentation,4,2.7304063144394532e-33,5.225328998675062e-17,0.9999999999999999,4,2.3819444444444446
BraTS20_Training_020,59,segmentation,4,6.505765360653882e-33,8.065832480689071e-17,1.0,4,7.331597222222222
BraTS20_Training_021,104,segmentation,4,7.726576930511318e-33,8.790094954271722e-17,1.0000000000000002,4,2.7725694444444446
BraTS20_Training_022,100,segmentation,4,4.262019072280461e-33,6.528414104727473e-17,0.9999999999999999,4,3.279513888888889
BraTS20_Training_023,92,segmentation,4,2.280516208803833e-33,4.775475064120671e-17,1.0,4,2.2847222222222223
BraTS20_Training_024,98,segmentation,4,2.1991490384039444e-33,4.689508543977657e-17,1.0,4,3.359375
BraTS20_Training_025,101,segmentation,4,2.6716541663898748e-33,5.1688046649006526e-17,1.0,4,3.5208333333333335
BraTS20_Training_026,63,segmentation,4,4.872220831389338e-33,6.98012953417724e-17,1.0,4,6.732638888888889
BraTS20_Training_027,69,segmentation,4,3.635707497782929e-33,6.029682825640938e-17,0.9999999999999998,4,3.15625
BraTS20_Training_028,49,segmentation,4,2.024830322407827e-33,4.4998114653925524e-17,1.0,4,1.859375
BraTS20_Training_029,72,segmentation,4,2.3594534111590653e-33,4.857420520357554e-17,0.9999999999999999,4,3.295138888888889
BraTS20_Training_030,93,segmentation,4,1.8501882008243264e-33,4.3013814069718655e-17,0.9999999999999999,4,3.7100694444444446
BraTS20_Training_031,98,segmentation,4,4.3529397203683526e-33,6.597681199003444e-17,0.9999999999999999,4,3.3090277777777777
BraTS20_Training_032,126,segmentation,4,1.998593976651458e-33,4.4705636967293706e-17,1.0,4,1.7013888888888888
BraTS20_Training_033,91,segmentation,4,7.401447779842898e-33,8.603166730828189e-17,0.9999999999999999,4,5.546875
BraTS20_Training_034,109,segmentation,4,9.195463773486638e-34,3.0324023106254614e-17,1.0,4,3.795138888888889
BraTS20_Training_035,53,segmentation,4,3.208627891045005e-33,5.664475166372438e-17,1.0000000000000002,4,4.354166666666667
BraTS20_Training_036,84,segmentation,4,1.9575839032016235e-34,1.3991368422000843e-17,0.9999999999999999,4,1.484375
BraTS20_Training_037,66,segmentation,4,2.1963147125473384e-33,4.6864855836194975e-17,0.9999999999999999,4,7.475694444444445
BraTS20_Training_038,90,segmentation,4,2.5523654625193296e-33,5.0520940831692055e-17,1.0,4,3.5850694444444446
BraTS20_Training_039,90,segmentation,4,4.8678348627854334e-33,6.976987073791548e-17,0.9999999999999999,4,2.8350694444444446
BraTS20_Training_040,55,segmentation,4,1.676444658611966e-32,1.2947759105775662e-16,1.0,4,8.494791666666666
BraTS20_Training_041,52,segmentation,4,8.255026360333106e-33,9.08571756127886e-17,0.9999999999999998,4,4.475694444444445
BraTS20_Training_042,85,segmentation,4,3.965826978700473e-33,6.297481225617488e-17,1.0,4,3.217013888888889
BraTS20_Training_043,53,segmentation,4,7.100480838209735e-33,8.426435093329644e-17,0.9999999999999999,4,2.560763888888889
BraTS20_Training_044,92,segmentation,2,4.868241675258156e-34,2.2064092266073752e-17,1.0,2,0.984375
BraTS20_Training_045,81,segmentation,4,7.532801070392615e-34,2.744594882745469e-17,1.0000000000000002,4,3.9461805555555554
BraTS20_Training_046,52,segmentation,4,6.6201642637860655e-34,2.5729679873224358e-17,0.9999999999999999,4,2.2881944444444446
BraTS20_Training_047,76,segmentation,4,3.5047039633325674e-33,5.920054022838447e-17,1.0,4,6.164930555555555
BraTS20_Training_048,51,segmentation,4,5.251597408819271e-33,7.246790606067813e-17,1.0,4,2.3385416666666665
BraTS20_Training_049,88,segmentation,4,1.487159130067231e-33,3.8563702234967416e-17,1.0,4,3.2552083333333335
BraTS20_Training_050,57,segmentation,4,6.650871047773247e-33,8.155287271318679e-17,1.0,4,4.215277777777778
BraTS20_Training_051,91,segmentation,4,1.476098676963198e-32,1.2149480140990388e-16,1.0,4,5.564236111111111
BraTS20_Training_052,100,segmentation,4,4.672338651990621e-34,2.1615593103106425e-17,1.0,4,2.154513888888889
BraTS20_Training_053,88,segmentation,4,8.211645420490523e-33,9.061812964573106e-17,0.9999999999999999,4,5.402777777777778
BraTS20_Training_054,65,segmentation,4,3.895494532950583e-33,6.241389695372805e-17,0.9999999999999999,4,4.046875
BraTS20_Training_055,70,segmentation,4,6.611097442137632e-33,8.130865539496783e-17,0.9999999999999999,4,5.237847222222222
BraTS20_Training_056,92,segmentation,4,5.620533331954646e-33,7.497021629923876e-17,1.0,4,2.5902777777777777
BraTS20_Training_057,108,segmentation,4,4.9991491791668954e-33,7.070466165089043e-17,1.0000000000000002,4,4.390625
BraTS20_Training_058,63,segmentation,4,5.032699423835668e-33,7.094152115535491e-17,1.0000000000000002,4,4.505208333333333
BraTS20_Training_059,54,segmentation,2,7.506205380094777e-34,2.739745495496758e-17,1.0,2,1.5104166666666667
BraTS20_Training_060,65,segmentation,4,2.5480178158475768e-33,5.047789432858285e-17,1.0,4,4.362847222222222
BraTS20_Training_061,67,segmentation,4,9.828460559048819e-34,3.1350375690011784e-17,1.0,4,1.4670138888888888
BraTS20_Training_062,92,segmentation,4,5.651483095776336e-33,7.517634665090035e-17,1.0,4,6.310763888888889
BraTS20_Training_063,86,segmentation,4,4.036941532882079e-33,6.353693046474687e-17,1.0,4,0.9097222222222222
BraTS20_Training_064,60,segmentation,4,1.3221100518626222e-33,3.636083128673796e-17,1.0,4,4.975694444444445
BraTS20_Training_065,68,segmentation,4,1.8440124841435043e-32,1.3579442124562791e-16,1.0,4,2.1996527777777777
BraTS20_Training_066,87,segmentation,4,4.248042836280635e-33,6.517701156297852e-17,1.0,4,2.9322916666666665
BraTS20_Training_067,97,segmentation,4,2.276888012837399e-33,4.7716747718567314e-17,0.9999999999999999,4,4.921875
BraTS20_Training_068,75,segmentation,4,8.110855014898491e-33,9.00602854475739e-17,1.0,4,3.795138888888889
BraTS20_Training_069,96,segmentation,4,8.08087268619279e-33,8.989367433914797e-17,1.0,4,7.644097222222222
BraTS20_Training_070,112,segmentation,4,5.123100272403204e-33,7.157583581351463e-17,1.0,4,2.142361111111111
BraTS20_Training_071,93,segmentation,4,3.8778548691890665e-33,6.227242462911708e-17,0.9999999999999999,4,6.133680555555555
BraTS20_Training_072,68,segmentation,4,1.4718044934224577e-32,1.2131794976104968e-16,1.0,4,3.4409722222222223
BraTS20_Training_073,89,segmentation,4,6.153193031525403e-33,7.84422910904915e-17,1.0,4,2.9930555555555554
BraTS20_Training_074,88,segmentation,4,8.8291883214097e-34,2.9713950126850686e-17,1.0,4,3.2430555555555554
BraTS20_Training_075,79,segmentation,4,2.636043197839506e-32,1.6235896026519465e-16,1.0000000000000002,4,7.223958333333333
BraTS20_Training_076,103,segmentation,4,3.4131920872998815e-33,5.842253064785778e-17,1.0,4,2.1649305555555554
BraTS20_Training_077,69,segmentation,4,3.980824773984304e-33,6.309377761700676e-17,1.0,4,3.2708333333333335
BraTS20_Training_078,53,segmentation,4,1.0301904720901118e-33,3.209658038000484e-17,0.9999999999999999,4,3.15625
BraTS20_Training_079,114,segmentation,4,6.880760211055358e-34,2.6231203195917944e-17,0.9999999999999999,4,0.7013888888888888
BraTS20_Training_080,68,segmentation,4,2.2600164820073034e-33,4.753963064651747e-17,1.0,4,2.7604166666666665
BraTS20_Training_081,97,segmentation,4,2.6969694200787203e-33,5.1932354270519264e-17,1.0,4,2.123263888888889
BraTS20_Training_082,72,segmentation,4,4.382742865776317e-34,2.093500147068616e-17,1.0000000000000002,4,1.0989583333333333
BraTS20_Training_083,65,segmentation,4,7.49957877232141e-33,8.660010838515972e-17,1.0,4,3.951388888888889
BraTS20_Training_084,55,segmentation,4,2.4720706278615082e-33,4.9719921840862826e-17,0.9999999999999999,4,3.9288194444444446
BraTS20_Training_085,100,segmentation,4,3.069107613496188e-33,5.539952719560148e-17,1.0,4,1.7916666666666667
BraTS20_Training_086,55,segmentation,4,1.1987024727957526e-32,1.0948527173988986e-16,0.9999999999999999,4,1.78125
BraTS20_Training_087,70,segmentation,4,1.2341364399480084e-33,3.513027810803678e-17,0.9999999999999998,4,2.1319444444444446
BraTS20_Training_088,71,segmentation,4,1.2662289095831306e-33,3.558411035255948e-17,1.0,4,1.6302083333333333
BraTS20_Training_089,50,segmentation,3,3.205978363349187e-32,1.7905246056251745e-16,0.9999999999999999,3,8.366319444444445
BraTS20_Training_090,80,segmentation,4,1.8365014296451334e-33,4.285442135468794e-17,1.0000000000000002,4,1.890625
BraTS20_Training_091,92,segmentation,4,8.458391800510062e-33,9.196951560441134e-17,1.0,4,7.28125
BraTS20_Training_092,92,segmentation,4,7.076040772513618e-33,8.411920572921275e-17,0.9999999999999999,4,3.0052083333333335
BraTS20_Training_093,67,segmentation,4,8.396567678861838e-33,9.163278713900303e-17,0.9999999999999998,4,4.298611111111111
BraTS20_Training_094,55,segmentation,4,2.307110038399724e-33,4.8032385308245146e-17,0.9999999999999999,4,1.9409722222222223
BraTS20_Training_095,93,segmentation,4,2.3641996908220165e-33,4.86230366269119e-17,1.0000000000000002,4,5.588541666666667
BraTS20_Training_096,84,segmentation,4,3.7153911986419665e-33,6.095400888081084e-17,1.0,4,3.1805555555555554
BraTS20_Training_097,73,segmentation,4,2.1661723859994416e-33,4.654215708365311e-17,1.0,4,4.241319444444445
BraTS20_Training_098,92,segmentation,3,2.3012816003712259e-32,1.5169975610960046e-16,1.0,3,6.012152777777778
BraTS20_Training_099,49,segmentation,3,9.495808729698661e-34,3.0815270126511406e-17,1.0,3,1.3871527777777777
BraTS20_Training_100,83,segmentation,4,6.83036256992488e-33,8.264600758611924e-17,1.0000000000000002,4,5.267361111111111
BraTS20_Training_101,50,segmentation,4,1.1903324380559336e-33,3.4501194733747026e-17,1.0,4,3.560763888888889
BraTS20_Training_102,98,segmentation,4,7.910133199476554e-33,8.893892960608732e-17,0.9999999999999998,4,1.9496527777777777
BraTS20_Training_103,68,segmentation,4,3.8029748884683114e-33,6.166826484074537e-17,1.0,4,2.9618055555555554
BraTS20_Training_104,64,segmentation,4,7.192011609293716e-33,8.480572863488478e-17,1.0,4,6.253472222222222
BraTS20_Training_105,50,segmentation,4,6.542770022408261e-34,2.557883895412038e-17,1.0,4,2.046875
BraTS20_Training_106,93,segmentation,4,6.179505571356224e-33,7.860983126401064e-17,1.0,4,5.300347222222222
BraTS20_Training_107,85,segmentation,4,7.022287597045589e-33,8.37990906695627e-17,1.0,4,1.859375
BraTS20_Training_108,50,segmentation,4,2.0020873497805623e-33,4.4744690744048756e-17,1.0,4,1.7378472222222223
BraTS20_Training_109,74,segmentation,4,1.0732455635925417e-32,1.0359756578185327e-16,1.0000000000000002,4,4.274305555555555
BraTS20_Training_110,115,segmentation,3,2.159430581956536e-33,4.6469673787929e-17,1.0000000000000002,3,1.0138888888888888
BraTS20_Training_111,59,segmentation,4,3.165357460732448e-33,5.626150958455032e-17,0.9999999999999999,4,2.9131944444444446
BraTS20_Training_112,69,segmentation,4,2.2904895306255424e-33,4.7859059023611634e-17,0.9999999999999999,4,7.069444444444445
BraTS20_Training_113,71,segmentation,4,4.178975252655904e-33,6.464499402626551e-17,1.0,4,4.96875
BraTS20_Training_114,99,segmentation,4,2.4281895282336988e-33,4.927666311991609e-17,1.0,4,4.046875
BraTS20_Training_115,101,segmentation,3,3.243116259660445e-33,5.694836485501972e-17,0.9999999999999999,3,3.7864583333333335
BraTS20_Training_116,67,segmentation,4,4.7673471665803115e-33,6.904597864162917e-17,1.0000000000000002,4,3.763888888888889
BraTS20_Training_117,68,segmentation,4,1.0867943072352787e-32,1.0424942720395535e-16,0.9999999999999999,4,4.385416666666667
BraTS20_Training_118,85,segmentation,3,1.6183240548367565e-33,4.022839861138841e-17,1.0,3,2.2934027777777777
BraTS20_Training_119,57,segmentation,4,9.957070253130556e-34,3.155482570563583e-17,1.0,4,2.1024305555555554
BraTS20_Training_120,103,segmentation,4,5.518289946774494e-33,7.428519332124332e-17,0.9999999999999999,4,6.189236111111111
BraTS20_Training_121,86,segmentation,4,3.581677606046823e-33,5.98471186110645e-17,0.9999999999999999,4,6.597222222222222
BraTS20_Training_122,84,segmentation,4,4.495335453831322e-33,6.704726283623607e-17,0.9999999999999999,4,1.4756944444444444
BraTS20_Training_123,68,segmentation,4,2.1295157113886815e-33,4.61466760600228e-17,1.0,4,5.803819444444445
BraTS20_Training_124,75,segmentation,4,1.778319039789084e-32,1.3335362911406212e-16,1.0,4,7.803819444444445
BraTS20_Training_125,92,segmentation,4,2.6792760542302307e-32,1.6368494293093152e-16,0.9999999999999999,4,6.126736111111111
BraTS20_Training_126,89,segmentation,4,9.191901854177388e-34,3.0318149439201247e-17,0.9999999999999999,4,1.9930555555555556
BraTS20_Training_127,63,segmentation,4,1.0702152949450961e-32,1.0345121047842293e-16,1.0,4,2.8246527777777777
BraTS20_Training_128,86,segmentation,4,1.2341709668503472e-32,1.1109324762785303e-16,1.0000000000000002,4,2.1840277777777777
BraTS20_Training_129,59,segmentation,4,1.3287327179448877e-33,3.645178621062194e-17,1.0,4,3.0972222222222223
BraTS20_Training_130,63,segmentation,4,5.367101807808331e-33,7.326050646704766e-17,1.0,4,4.267361111111111
BraTS20_Training_131,104,segmentation,4,6.5164687852821484e-34,2.552737508104221e-17,1.0,4,2.7413194444444446
BraTS20_Training_132,85,segmentation,4,5.121299075470487e-33,7.156325227007565e-17,0.9999999999999998,4,7.046875
BraTS20_Training_133,95,segmentation,4,2.7387177582658532e-33,5.233275989536433e-17,0.9999999999999999,4,4.696180555555555
BraTS20_Training_134,100,segmentation,4,1.7399412886344546e-33,4.171260347466284e-17,0.9999999999999999,4,2.9774305555555554
BraTS20_Training_135,90,segmentation,4,4.556997624675806e-33,6.750553773340234e-17,0.9999999999999999,4,8.96701388888889
BraTS20_Training_136,101,segmentation,4,9.499935601932914e-33,9.746761309241606e-17,0.9999999999999999,4,3.7222222222222223
BraTS20_Training_137,65,segmentation,4,9.471352271502533e-33,9.732087274322263e-17,0.9999999999999999,4,7.776041666666667
BraTS20_Training_138,86,segmentation,4,5.518492696693176e-33,7.428655798119318e-17,0.9999999999999999,4,8.31076388888889
BraTS20_Training_139,89,segmentation,4,2.3868070516270565e-33,4.885495933502613e-17,0.9999999999999999,4,1.9097222222222223
BraTS20_Training_140,111,segmentation,4,4.6361128352425826e-33,6.80890067135847e-17,1.0,4,5.555555555555555
BraTS20_Training_141,104,segmentation,4,1.7475892197256202e-33,4.180417706073904e-17,1.0,4,1.4600694444444444
BraTS20_Training_142,107,segmentation,4,1.5551770765213227e-33,3.9435733497949835e-17,0.9999999999999999,4,1.1197916666666667
BraTS20_Training_143,78,segmentation,4,1.8804396027889372e-32,1.3712912173528046e-16,1.0,4,6.109375
BraTS20_Training_144,91,segmentation,4,1.213274452894231e-32,1.1014873820858008e-16,1.0000000000000004,4,7.723958333333333
BraTS20_Training_145,59,segmentation,4,1.8965609612055916e-32,1.3771568397265403e-16,1.0000000000000002,4,3.7534722222222223
BraTS20_Training_146,67,segmentation,4,2.6946007973291824e-33,5.1909544376050754e-17,1.0000000000000002,4,4.75
BraTS20_Training_147,74,segmentation,4,7.077279716620973e-33,8.412656962352009e-17,0.9999999999999998,4,5.414930555555555
BraTS20_Training_148,60,segmentation,4,5.6084014955701904e-33,7.488926155043986e-17,1.0,4,5.706597222222222
BraTS20_Training_149,65,segmentation,4,1.4849607091345175e-32,1.2185896393513763e-16,1.0,4,9.272569444444445
BraTS20_Training_150,75,segmentation,4,9.945130282015659e-33,9.972527403830816e-17,0.9999999999999999,4,6.3125
BraTS20_Training_151,87,segmentation,4,1.234857351041795e-33,3.514053714788371e-17,0.9999999999999999,4,6.300347222222222
BraTS20_Training_152,95,segmentation,4,1.647522823032536e-32,1.2835586558597686e-16,0.9999999999999999,4,8.24826388888889
BraTS20_Training_153,63,segmentation,4,1.8437983613679974e-32,1.3578653693823984e-16,0.9999999999999999,4,4.465277777777778
BraTS20_Training_154,106,segmentation,4,5.801274669087433e-33,7.616609921144336e-17,1.0,4,4.527777777777778
BraTS20_Training_155,63,segmentation,4,3.746386790417029e-33,6.120773472705087e-17,0.9999999999999999,4,4.423611111111111
BraTS20_Training_156,69,segmentation,4,3.815506367626265e-33,6.176978523215266e-17,0.9999999999999999,4,5.121527777777778
BraTS20_Training_157,97,segmentation,4,4.9637763911186e-33,7.045407292072333e-17,0.9999999999999999,4,4.883680555555555
BraTS20_Training_158,45,segmentation,4,4.731695301938629e-33,6.878731933967647e-17,0.9999999999999999,4,3.095486111111111
BraTS20_Training_159,91,segmentation,4,2.5288496245627327e-33,5.0287668712744405e-17,0.9999999999999999,4,2.1336805555555554
BraTS20_Training_160,89,segmentation,4,6.446753062643418e-33,8.029167492737599e-17,1.0,4,4.541666666666667
BraTS20_Training_161,90,segmentation,4,1.5050962501487468e-33,3.879556998097524e-17,1.0,4,3.1371527777777777
BraTS20_Training_162,85,segmentation,4,6.794429323924975e-33,8.242832840671327e-17,1.0,4,4.585069444444445
BraTS20_Training_163,89,segmentation,4,7.602639801984635e-33,8.719311785906405e-17,1.0000000000000002,4,6.204861111111111
BraTS20_Training_164,94,segmentation,4,9.775184725714561e-33,9.886953386010557e-17,0.9999999999999999,4,6.173611111111111
BraTS20_Training_165,61,segmentation,4,8.027053926303139e-33,8.959382750113503e-17,0.9999999999999999,4,5.526041666666667
BraTS20_Training_166,78,segmentation,4,4.946147315198985e-33,7.032885122905808e-17,1.0,4,7.276041666666667
BraTS20_Training_167,67,segmentation,4,7.691575696431668e-33,8.770162881287706e-17,0.9999999999999999,4,4.366319444444445
BraTS20_Training_168,95,segmentation,4,5.994675384877751e-33,7.742528905259412e-17,1.0000000000000002,4,6.390625
BraTS20_Training_169,49,segmentation,4,1.748707348370511e-33,4.181754833046183e-17,0.9999999999999999,4,3.451388888888889
BraTS20_Training_170,57,segmentation,4,7.410762683605563e-34,2.7222716035703645e-17,0.9999999999999999,4,5.041666666666667
BraTS20_Training_171,92,segmentation,4,1.579301435995607e-32,1.256702604435754e-16,1.0000000000000002,4,6.010416666666667
BraTS20_Training_172,101,segmentation,4,1.0917190659605667e-33,3.304117228490186e-17,1.0,4,1.6197916666666667
BraTS20_Training_173,85,segmentation,4,3.03502717859005e-32,1.7421329394136516e-16,1.0,4,5.8125
BraTS20_Training_174,90,segmentation,4,2.8580979139642613e-33,5.346118137456617e-17,0.9999999999999999,4,4.076388888888889
BraTS20_Training_175,73,segmentation,4,2.143625286324932e-32,1.4641124568573726e-16,0.9999999999999999,4,8.442708333333334
BraTS20_Training_176,107,segmentation,4,2.1677324908392494e-33,4.655891419308712e-17,1.0,4,4.383680555555555
BraTS20_Training_177,56,segmentation,4,4.922694687308275e-34,2.2187146475624744e-17,1.0,4,1.4704861111111112
BraTS20_Training_178,87,segmentation,4,2.826471164170675e-33,5.3164566810712145e-17,1.0,4,3.9791666666666665
BraTS20_Training_179,66,segmentation,4,2.0377411711433047e-33,4.514134658097058e-17,1.0,4,3.5555555555555554
BraTS20_Training_180,56,segmentation,4,3.934584102097143e-33,6.272626325628798e-17,1.0,4,5.923611111111111
BraTS20_Training_181,74,segmentation,4,1.3614858113076508e-32,1.1668272414147908e-16,0.9999999999999999,4,2.7552083333333335
BraTS20_Training_182,89,segmentation,4,7.707691865357086e-33,8.779346140434995e-17,1.0,4,2.439236111111111
BraTS20_Training_183,68,segmentation,4,7.66277332895532e-33,8.753726822876825e-17,0.9999999999999998,4,7.914930555555555
BraTS20_Training_184,65,segmentation,4,3.1620706185297065e-33,5.623229159948674e-17,0.9999999999999998,4,4.940972222222222
BraTS20_Training_185,48,segmentation,4,1.822807913097728e-33,4.26943545811121e-17,0.9999999999999999,4,4.413194444444445
BraTS20_Training_186,77,segmentation,4,6.275774446090973e-33,7.921978569834037e-17,0.9999999999999999,4,5.71875
BraTS20_Training_187,94,segmentation,4,1.6261995017923611e-32,1.275225274919048e-16,1.0000000000000002,4,4.435763888888889
BraTS20_Training_188,70,segmentation,4,2.0343287755317938e-33,4.510353395834736e-17,1.0,4,3.4930555555555554
BraTS20_Training_189,107,segmentation,4,6.39330468306477e-33,7.995814331926905e-17,0.9999999999999999,4,5.001736111111111
BraTS20_Training_190,71,segmentation,4,5.472826193867552e-33,7.397855225582312e-17,1.0,4,2.5034722222222223
BraTS20_Training_191,84,segmentation,4,1.3165444230865258e-32,1.1474076969789448e-16,1.0,4,6.196180555555555
BraTS20_Training_192,90,segmentation,4,3.7240133321558135e-33,6.10246944454113e-17,0.9999999999999998,4,3.9340277777777777
BraTS20_Training_193,89,segmentation,4,4.356009549987622e-33,6.600007234835143e-17,0.9999999999999999,4,5.647569444444445
BraTS20_Training_194,63,segmentation,4,7.202372586295492e-33,8.486679318965394e-17,1.0,4,4.890625
BraTS20_Training_195,44,segmentation,4,1.3693225383985447e-33,3.700435837031288e-17,0.9999999999999999,4,3.171875
BraTS20_Training_196,73,segmentation,3,5.005013156698234e-33,7.074611760865917e-17,1.0000000000000002,3,6.9375
BraTS20_Training_197,84,segmentation,4,1.7409994787713772e-32,1.3194693928891936e-16,1.0,4,5.690972222222222
BraTS20_Training_198,64,segmentation,4,3.6577756360801985e-33,6.047954725425942e-17,0.9999999999999999,4,4.963541666666667
BraTS20_Training_199,97,segmentation,4,4.459206542715145e-33,6.677729062125195e-17,1.0,4,3.810763888888889
BraTS20_Training_200,50,segmentation,3,1.1111201920631279e-33,3.333346954733527e-17,1.0,3,2.4930555555555554
BraTS20_Training_201,83,segmentation,4,1.3236141923117836e-32,1.150484329450768e-16,1.0,4,5.835069444444445
BraTS20_Training_202,62,segmentation,4,4.939009857172324e-33,7.027808945306014e-17,0.9999999999999998,4,4.019097222222222
BraTS20_Training_203,71,segmentation,4,9.313701296431854e-33,9.65075193776726e-17,1.0000000000000002,4,4.454861111111111
BraTS20_Training_204,58,segmentation,4,8.899241809289091e-33,9.433579283224948e-17,1.0,4,1.8663194444444444
BraTS20_Training_205,92,segmentation,4,6.48523293669628e-33,8.053094396998138e-17,1.0,4,2.2934027777777777
BraTS20_Training_206,65,segmentation,4,6.215718828579769e-34,2.493134338253711e-17,0.9999999999999998,4,1.7604166666666667
BraTS20_Training_207,96,segmentation,4,1.0022500765092227e-33,3.1658333444911826e-17,1.0,4,2.861111111111111
BraTS20_Training_208,88,segmentation,4,2.5670994719729433e-33,5.0666551806620345e-17,1.0000000000000002,4,6.583333333333333
BraTS20_Training_209,56,segmentation,4,2.9607291804438787e-33,5.441258292384105e-17,1.0000000000000002,4,3.953125
BraTS20_Training_210,89,segmentation,4,8.276027069760907e-33,9.097267210410446e-17,1.0,4,7.423611111111111
BraTS20_Training_211,55,segmentation,4,5.371032739283771e-34,2.3175488644867386e-17,1.0,4,3.8645833333333335
BraTS20_Training_212,102,segmentation,4,1.9033804623775087e-33,4.3627748765865846e-17,1.0,4,6.809027777777778
BraTS20_Training_213,52,segmentation,4,1.7762546016718654e-32,1.332762019893974e-16,1.0,4,3.578125
BraTS20_Training_214,70,segmentation,4,1.413369040203827e-32,1.188851984144295e-16,0.9999999999999997,4,5.34375
BraTS20_Training_215,61,segmentation,4,7.36772963784663e-33,8.583548006417061e-17,1.0,4,3.6927083333333335
BraTS20_Training_216,83,segmentation,4,2.2466196537035213e-33,4.7398519530714473e-17,1.0,4,3.6458333333333335
BraTS20_Training_217,51,segmentation,4,9.931293164037582e-34,3.151395431239562e-17,1.0000000000000002,4,1.5086805555555556
BraTS20_Training_218,65,segmentation,4,2.6660117575880447e-33,5.16334364301665e-17,1.0,4,5.605902777777778
BraTS20_Training_219,72,segmentation,4,4.268147810645876e-33,6.533106313726936e-17,0.9999999999999999,4,3.8715277777777777
BraTS20_Training_220,92,segmentation,4,6.467915882537983e-33,8.042335408659591e-17,0.9999999999999999,4,5.944444444444445
BraTS20_Training_221,70,segmentation,4,7.606758773373061e-33,8.721673448010457e-17,1.0,4,6.126736111111111
BraTS20_Training_222,107,segmentation,4,9.285942616512509e-34,3.04728446596515e-17,1.0,4,1.6666666666666667
BraTS20_Training_223,90,segmentation,4,7.05964573158389e-33,8.402169798084237e-17,1.0,4,6.331597222222222
BraTS20_Training_224,79,segmentation,4,1.381263644294055e-33,3.7165355430751026e-17,1.0,4,5.932291666666667
BraTS20_Training_225,92,segmentation,4,4.2915322260891826e-33,6.55097872541896e-17,0.9999999999999998,4,7.963541666666667
BraTS20_Training_226,59,segmentation,4,5.936262268990522e-33,7.704714315917575e-17,1.0,4,4.368055555555555
BraTS20_Training_227,68,segmentation,3,9.005598717104622e-33,9.489783304746543e-17,1.0,3,3.0260416666666665
BraTS20_Training_228,62,segmentation,4,7.761651297469463e-34,2.785974030293438e-17,1.0,4,4.173611111111111
BraTS20_Training_229,101,segmentation,4,4.9623524484858125e-33,7.044396672878248e-17,0.9999999999999999,4,4.178819444444445
BraTS20_Training_230,100,segmentation,4,1.8414708879818676e-32,1.3570080648182854e-16,0.9999999999999999,4,4.765625
BraTS20_Training_231,90,segmentation,4,1.2176665219872907e-32,1.1034792802709485e-16,1.0,4,5.723958333333333
BraTS20_Training_232,62,segmentation,4,1.3326449759062233e-33,3.650541022788572e-17,0.9999999999999999,4,4.310763888888889
BraTS20_Training_233,88,segmentation,3,4.827563304137552e-34,2.1971716601434564e-17,0.9999999999999999,3,0.8732638888888888
BraTS20_Training_234,63,segmentation,4,2.8401751762712275e-32,1.685281927830245e-16,0.9999999999999999,4,6.618055555555555
BraTS20_Training_235,93,segmentation,4,1.4160380637999798e-32,1.1899739761019902e-16,0.9999999999999999,4,8.597222222222221
BraTS20_Training_236,52,segmentation,4,4.216546190038535e-33,6.493493813070538e-17,1.0,4,4.789930555555555
BraTS20_Training_237,73,segmentation,4,4.051733731959084e-33,6.365323033404577e-17,1.0000000000000002,4,7.289930555555555
BraTS20_Training_238,65,segmentation,4,4.445284022725573e-33,6.667296320642704e-17,0.9999999999999999,4,7.045138888888889
BraTS20_Training_239,102,segmentation,4,9.139341836495432e-34,3.023134439037641e-17,1.0,4,3.8697916666666665
BraTS20_Training_240,71,segmentation,4,7.286324135514725e-33,8.535996799152824e-17,1.0,4,6.619791666666667
BraTS20_Training_241,92,segmentation,4,1.401346097044665e-32,1.1837846497757374e-16,0.9999999999999997,4,8.956597222222221
BraTS20_Training_242,48,segmentation,4,5.6134949191228276e-33,7.492326020084035e-17,0.9999999999999999,4,3.59375
BraTS20_Training_243,62,segmentation,4,3.076627896890502e-32,1.7540318973412377e-16,1.0000000000000002,4,5.982638888888889
BraTS20_Training_244,71,segmentation,4,4.690465617317919e-33,6.848697407038742e-17,1.0,4,5.621527777777778
BraTS20_Training_245,61,segmentation,4,5.7506146461894335e-33,7.583280718916736e-17,1.0,4,6.142361111111111
BraTS20_Training_246,64,segmentation,4,6.763631179282968e-33,8.224129850192644e-17,1.0,4,3.7239583333333335
BraTS20_Training_247,70,segmentation,4,3.180997935512072e-33,5.640033630672846e-17,0.9999999999999999,4,5.517361111111111
BraTS20_Training_248,90,segmentation,4,1.5814361087574455e-33,3.9767274344081535e-17,1.0,4,3.810763888888889
BraTS20_Training_249,51,segmentation,4,1.9346759000066704e-33,4.398495083556046e-17,0.9999999999999998,4,3.4409722222222223
BraTS20_Training_250,52,segmentation,3,5.767594130665657e-33,7.594467809310707e-17,1.0000000000000002,3,3.8072916666666665
BraTS20_Training_251,86,segmentation,4,4.276459747730929e-33,6.539464617024033e-17,1.0,4,4.159722222222222
BraTS20_Training_252,78,segmentation,4,1.6104622642360915e-33,4.0130565212018776e-17,1.0,4,7.678819444444445
BraTS20_Training_253,60,segmentation,4,7.815253816206564e-34,2.795577546090711e-17,1.0000000000000002,4,2.5833333333333335
BraTS20_Training_254,91,segmentation,4,1.0431188662624333e-32,1.0213319079821375e-16,1.0,4,6.203125
BraTS20_Training_255,66,segmentation,4,2.023103974261583e-33,4.4978928113746586e-17,1.0,4,6.359375
BraTS20_Training_256,78,segmentation,4,3.569142422938822e-32,1.889217410183069e-16,1.0,4,7.498263888888889
BraTS20_Training_257,82,segmentation,4,1.8250239817822313e-33,4.272029941119598e-17,1.0,4,4.008680555555555
BraTS20_Training_258,80,segmentation,4,3.3641385839601086e-33,5.800119467700737e-17,0.9999999999999999,4,5.364583333333333
BraTS20_Training_259,96,segmentation,4,8.542612360795164e-33,9.242625363388458e-17,1.0,4,5.423611111111111
BraTS20_Training_260,57,segmentation,4,3.6807108010516926e-33,6.066886187371321e-17,1.0,4,3.001736111111111
BraTS20_Training_261,86,segmentation,4,3.900345978542157e-33,6.245274996781292e-17,1.0,4,9.253472222222221
BraTS20_Training_262,77,segmentation,3,6.939937763129647e-34,2.6343761620409577e-17,0.9999999999999999,3,3.2430555555555554
BraTS20_Training_263,115,segmentation,3,3.1776326388571996e-34,1.7825915513255413e-17,0.9999999999999999,3,2.0520833333333335
BraTS20_Training_264,70,segmentation,3,2.2647386234923922e-33,4.758927004580331e-17,1.0,3,1.828125
BraTS20_Training_265,91,segmentation,3,5.7843043880245026e-33,7.605461450842088e-17,1.0000000000000002,3,3.001736111111111
BraTS20_Training_266,99,segmentation,3,7.475798737111574e-33,8.646270142154694e-17,1.0,3,3.1215277777777777
BraTS20_Training_267,58,segmentation,4,5.221223794778379e-33,7.22580361951415e-17,1.0,4,4.390625
BraTS20_Training_268,53,segmentation,3,4.499450872070389e-34,2.12119090891659e-17,1.0,3,1.8142361111111112
BraTS20_Training_269,88,segmentation,3,1.687752049625476e-33,4.108225954868447e-17,1.0,3,2.140625
BraTS20_Training_270,85,segmentation,4,9.976208992567703e-33,9.988097412704635e-17,1.0,4,6.166666666666667
BraTS20_Training_271,76,segmentation,4,3.35563711756889e-33,5.792786132396819e-17,1.0,4,2.4722222222222223
BraTS20_Training_272,68,segmentation,3,8.086939712941496e-33,8.992741357862737e-17,1.0,3,8.444444444444445
BraTS20_Training_273,68,segmentation,4,1.4573347182368914e-32,1.2072011921121065e-16,1.0000000000000002,4,10.02951388888889
BraTS20_Training_274,89,segmentation,4,1.5917903756456356e-33,3.989724772018285e-17,0.9999999999999998,4,7.140625
BraTS20_Training_275,54,segmentation,3,8.777799951055619e-33,9.368991381709996e-17,1.0,3,2.3315972222222223
BraTS20_Training_276,100,segmentation,4,4.8859886840770696e-33,6.989984752542075e-17,1.0,4,3.2690972222222223
BraTS20_Training_277,78,segmentation,4,2.09986619207211e-33,4.582429696211509e-17,1.0,4,1.4704861111111112
BraTS20_Training_278,90,segmentation,3,3.258771545668889e-33,5.708565096124322e-17,1.0000000000000002,3,4.564236111111111
BraTS20_Training_279,88,segmentation,3,1.597322836542519e-33,3.9966521446612275e-17,0.9999999999999998,3,5.765625
BraTS20_Training_280,82,segmentation,2,1.2281928596977115e-33,3.5045582598919815e-17,1.0,2,2.4791666666666665
BraTS20_Training_281,97,segmentation,2,6.8871722919260145e-34,2.6243422589147962e-17,1.0,2,5.402777777777778
BraTS20_Training_282,68,segmentation,4,3.854834834418288e-33,6.208731621207577e-17,1.0000000000000002,4,3.8402777777777777
BraTS20_Training_283,113,segmentation,4,8.606579632588126e-34,2.933697263281971e-17,1.0,4,2.5364583333333335
BraTS20_Training_284,88,segmentation,4,6.438758955761755e-33,8.024187781801816e-17,1.0000000000000002,4,7.744791666666667
BraTS20_Training_285,89,segmentation,4,7.31402404051245e-33,8.552206756453243e-17,1.0000000000000002,4,5.411458333333333
BraTS20_Training_286,82,segmentation,3,4.071929650063802e-34,2.0179022895234055e-17,1.0000000000000002,3,1.3368055555555556
BraTS20_Training_287,94,segmentation,4,3.929447636676008e-33,6.268530638575525e-17,0.9999999999999999,4,3.2291666666666665
BraTS20_Training_288,42,segmentation,4,4.688717591913004e-33,6.84742111448756e-17,1.0,4,4.286458333333333
BraTS20_Training_289,85,segmentation,3,1.652587154406095e-32,1.2855299119064072e-16,1.0,3,6.699652777777778
BraTS20_Training_290,88,segmentation,4,7.121896247707965e-33,8.439132803616711e-17,0.9999999999999999,4,8.578125
BraTS20_Training_291,87,segmentation,4,2.2058358226106414e-33,4.696632647557866e-17,1.0,4,7.628472222222222
BraTS20_Training_292,50,segmentation,4,2.119163560390323e-33,4.6034373683046054e-17,1.0000000000000002,4,4.711805555555555
BraTS20_Training_293,90,segmentation,4,6.949682155827916e-33,8.336475367820573e-17,1.0,4,11.1875
BraTS20_Training_294,49,segmentation,3,1.1776122607625779e-33,3.431635558684194e-17,0.9999999999999999,3,4.473958333333333
BraTS20_Training_295,121,segmentation,4,1.7034564905653026e-33,4.1272951076525926e-17,1.0,4,1.7743055555555556
BraTS20_Training_296,62,segmentation,4,1.0683735411356199e-32,1.0336215657268476e-16,1.0,4,6.939236111111111
BraTS20_Training_297,84,segmentation,3,3.4974274791536666e-33,5.913905206505822e-17,1.0,3,3.1631944444444446
BraTS20_Training_298,78,segmentation,4,6.380914970279328e-33,7.988062950602811e-17,1.0,4,2.8125
BraTS20_Training_299,90,segmentation,4,2.5395199901177174e-32,1.593587145441917e-16,1.0,4,5.039930555555555
BraTS20_Training_300,99,segmentation,4,2.330062397335761e-33,4.827071987588088e-17,1.0000000000000002,4,4.321180555555555
BraTS20_Training_301,94,segmentation,3,5.5761906363752614e-33,7.467389528058157e-17,1.0,3,6.331597222222222
BraTS20_Training_302,60,segmentation,4,7.179082039382149e-33,8.472946382092919e-17,1.0,4,4.928819444444445
BraTS20_Training_303,105,segmentation,3,6.980733544401496e-33,8.355078422373722e-17,1.0,3,1.9392361111111112
BraTS20_Training_304,52,segmentation,3,3.7469507113831595e-33,6.12123411689437e-17,1.0,3,2.2222222222222223
BraTS20_Training_305,90,segmentation,3,1.061322621261593e-32,1.030205135524762e-16,1.0,3,6.024305555555555
BraTS20_Training_306,102,segmentation,3,6.644242644105733e-33,8.151222389375555e-17,1.0,3,7.522569444444445
BraTS20_Training_307,70,segmentation,4,5.3952513576573165e-33,7.345237475846044e-17,1.0,4,6.211805555555555
BraTS20_Training_308,89,segmentation,4,1.4915125345694943e-32,1.2212749627211286e-16,1.0000000000000002,4,8.628472222222221
BraTS20_Training_309,60,segmentation,4,2.791846157139501e-32,1.6708818501436602e-16,1.0,4,7.527777777777778
BraTS20_Training_310,70,segmentation,3,3.66874594146293e-33,6.05701736951689e-17,0.9999999999999999,3,7.559027777777778
BraTS20_Training_311,115,segmentation,3,1.482370473373755e-34,1.217526374816478e-17,1.0,3,2.2847222222222223
BraTS20_Training_312,92,segmentation,3,1.310262378394114e-32,1.1446669290208895e-16,0.9999999999999999,3,7.071180555555555
BraTS20_Training_313,101,segmentation,3,2.7780649206730856e-33,5.270735167576802e-17,0.9999999999999999,3,6.427083333333333
BraTS20_Training_314,77,segmentation,4,2.175737817620616e-33,4.6644804829912365e-17,1.0,4,1.6423611111111112
BraTS20_Training_315,103,segmentation,3,4.1534528433935065e-33,6.44472873237773e-17,1.0,3,2.123263888888889
BraTS20_Training_316,92,segmentation,4,3.807938310304824e-33,6.170849463651519e-17,0.9999999999999998,4,10.784722222222221
BraTS20_Training_317,79,segmentation,4,1.0127265696571764e-33,3.182336515293718e-17,0.9999999999999998,4,1.3663194444444444
BraTS20_Training_318,83,segmentation,4,7.470356243929916e-33,8.643122262197797e-17,0.9999999999999998,4,8.696180555555555
BraTS20_Training_319,75,segmentation,3,4.881532223634734e-33,6.986796278434582e-17,1.0,3,5.40625
BraTS20_Training_320,95,segmentation,4,1.3130200036388814e-33,3.623561788680968e-17,1.0,4,2.0868055555555554
BraTS20_Training_321,114,segmentation,3,1.5379943784421941e-33,3.921727143035571e-17,1.0,3,2.9913194444444446
BraTS20_Training_322,54,segmentation,4,1.6336841790036112e-32,1.2781565549664138e-16,0.9999999999999999,4,4.425347222222222
BraTS20_Training_323,73,segmentation,4,2.359708972202247e-33,4.857683575740856e-17,1.0,4,9.128472222222221
BraTS20_Training_324,67,segmentation,3,3.0897407216231266e-33,5.558543623668997e-17,1.0,3,3.517361111111111
BraTS20_Training_325,25,segmentation,3,9.661200730438322e-34,3.1082472119248047e-17,1.0,3,1.3072916666666667
BraTS20_Training_326,92,segmentation,3,1.3382486444588383e-32,1.156826972567133e-16,1.0,3,4.956597222222222
BraTS20_Training_327,81,segmentation,4,1.5111194342234289e-33,3.8873119687303576e-17,1.0,4,7.265625
BraTS20_Training_328,89,segmentation,3,3.224200657350022e-32,1.795605930417368e-16,1.0,3,11.15625
BraTS20_Training_329,59,segmentation,3,2.1779035845217776e-33,4.6668014576600297e-17,1.0000000000000002,3,3.8559027777777777
BraTS20_Training_330,65,segmentation,3,6.182704744537229e-33,7.863017706031972e-17,0.9999999999999999,3,2.8784722222222223
BraTS20_Training_331,52,segmentation,4,1.626680290563324e-33,4.033212479603975e-17,1.0,4,3.5972222222222223
BraTS20_Training_332,110,segmentation,4,1.3086531544072255e-33,3.6175311393369174e-17,1.0000000000000002,4,3.107638888888889
BraTS20_Training_333,86,segmentation,4,1.7057035846656467e-33,4.1300164462937026e-17,0.9999999999999999,4,7.065972222222222
BraTS20_Training_334,69,segmentation,4,4.8751548569217566e-33,6.98223091634884e-17,1.0,4,6.416666666666667
BraTS20_Training_335,76,segmentation,3,2.5457776936779457e-33,5.045570030906266e-17,1.0,3,5.008680555555555
BraTS20_Training_336,90,segmentation,4,2.9387026562792596e-33,5.420980221582864e-17,1.0000000000000002,4,4.038194444444445
BraTS20_Training_337,84,segmentation,4,2.3981449505715968e-33,4.897085817679323e-17,1.0,4,4.157986111111111
BraTS20_Training_338,82,segmentation,4,1.6072476479980533e-32,1.2677727114897422e-16,1.0,4,6.661458333333333
BraTS20_Training_339,84,segmentation,4,2.4044280462430322e-33,4.903496758684594e-17,1.0000000000000002,4,5.835069444444445
BraTS20_Training_340,93,segmentation,4,5.728679638341604e-33,7.5688041580831e-17,1.0,4,4.220486111111111
BraTS20_Training_341,53,segmentation,4,9.704032851041379e-34,3.115129668415326e-17,1.0,4,1.1302083333333333
BraTS20_Training_342,90,segmentation,4,1.0390548599694571e-32,1.0193404043642423e-16,1.0000000000000002,4,6.980902777777778
BraTS20_Training_343,66,segmentation,4,7.036913136125349e-33,8.388631077908569e-17,0.9999999999999999,4,6.704861111111111
BraTS20_Training_344,72,segmentation,4,1.361903333967564e-33,3.6903974500960784e-17,1.0000000000000002,4,4.463541666666667
BraTS20_Training_345,93,segmentation,3,2.9179932757115786e-33,5.4018453103653185e-17,1.0,3,5.404513888888889
BraTS20_Training_346,93,segmentation,4,1.0016704834585352e-33,3.164917824302134e-17,1.0,4,3.6614583333333335
BraTS20_Training_347,101,segmentation,4,3.99445218285184e-33,6.320167863950957e-17,1.0,4,5.050347222222222
BraTS20_Training_348,97,segmentation,4,2.847433872478324e-33,5.336135186142049e-17,1.0,4,3.8819444444444446
BraTS20_Training_349,86,segmentation,4,1.904024288470083e-32,1.3798638659194185e-16,0.9999999999999999,4,8.769097222222221
BraTS20_Training_350,92,segmentation,4,2.062479928581216e-33,4.5414534331876794e-17,1.0,4,3.6041666666666665
BraTS20_Training_351,70,segmentation,2,2.2986742920788066e-33,4.794449178037876e-17,1.0,2,4.475694444444445
BraTS20_Training_352,95,segmentation,4,3.6585556097958064e-33,6.04859951542157e-17,1.0,4,2.5555555555555554
BraTS20_Training_353,50,segmentation,4,9.511880795936555e-34,3.0841337188806445e-17,1.0,4,3.0711805555555554
BraTS20_Training_354,68,segmentation,4,7.826826009526379e-33,8.846935067878807e-17,1.0,4,6.848958333333333
BraTS20_Training_356,71,segmentation,4,6.469757807084694e-34,2.5435718600198214e-17,0.9999999999999998,4,2.0590277777777777
BraTS20_Training_357,83,segmentation,4,9.410893942381667e-33,9.700976209836651e-17,1.0000000000000004,4,4.085069444444445
BraTS20_Training_358,66,segmentation,4,5.8335666115425766e-33,7.637778873168938e-17,1.0,4,4.366319444444445
BraTS20_Training_359,83,segmentation,4,5.5008275341173854e-33,7.416756389498974e-17,0.9999999999999999,4,3.9166666666666665
BraTS20_Training_360,102,segmentation,4,2.9816506158387653e-33,5.460449263420333e-17,1.0000000000000002,4,5.782986111111111
BraTS20_Training_361,93,segmentation,2,1.8515308694001518e-33,4.3029418650501793e-17,1.0,2,3.7083333333333335
BraTS20_Training_362,71,segmentation,4,8.995363197033325e-33,9.48438885592178e-17,1.0,4,6.104166666666667
BraTS20_Training_363,82,segmentation,4,4.8021865203941756e-33,6.929781035786178e-17,0.9999999999999999,4,4.861111111111111
BraTS20_Training_364,55,segmentation,4,5.2603500589402575e-33,7.252827075658331e-17,1.0,4,4.182291666666667
BraTS20_Training_365,88,segmentation,4,1.9142542213616294e-32,1.3835657632948387e-16,1.0000000000000002,4,6.895833333333333
BraTS20_Training_366,86,segmentation,4,2.6372216813745044e-33,5.135388672120645e-17,1.0,4,3.234375
BraTS20_Training_367,69,segmentation,4,6.15844958900039e-33,7.847578982718422e-17,1.0,4,5.696180555555555
BraTS20_Training_368,89,segmentation,4,5.158335352541472e-33,7.182155214517069e-17,0.9999999999999998,4,4.296875
BraTS20_Training_369,92,segmentation,4,8.500901508020853e-33,9.220033355699345e-17,1.0,4,7.234375
